{"filesMd5":[{"android":"weex-eros-version","iOS":"weex-eros-version","page":"/pages/eros-demos/index.js","md5":"49831971a79acf382b6285540698e598"},{"android":"weex-eros-version","iOS":"weex-eros-version","page":"/pages/eros-demos/tab2/button.js","md5":"da6bc2695de7a578b82f17282c9347da"},{"android":"weex-eros-version","iOS":"weex-eros-version","page":"/pages/eros-demos/tab1/tab-page/index.js","md5":"97473d79649864c249b5498bea6c1df6"},{"android":"weex-eros-version","iOS":"weex-eros-version","page":"/pages/eros-demos/tab2/icon.js","md5":"9f3c59d976821d657035b492dbe4a122"},{"android":"weex-eros-version","iOS":"weex-eros-version","page":"/pages/eros-demos/tab2/header.js","md5":"4c772fba59f18e56a53141eabb3caa7a"},{"android":"weex-eros-version","iOS":"weex-eros-version","page":"/pages/eros-demos/tab2/image.js","md5":"4a6ad8e6b8f7d8dc076ab6d882e3a4f6"},{"android":"weex-eros-version","iOS":"weex-eros-version","page":"/pages/eros-demos/tab2/index.js","md5":"7f072cb4592da5e01f19e60e4905259e"},{"android":"weex-eros-version","iOS":"weex-eros-version","page":"/pages/eros-demos/tab3/amap.js","md5":"fd0141b62675ff45d8a29a6a6531c86f"},{"android":"weex-eros-version","iOS":"weex-eros-version","page":"/pages/eros-demos/tab2/tabbar.js","md5":"6c6c58822535612ff222b96fd18aa58f"},{"android":"weex-eros-version","iOS":"weex-eros-version","page":"/pages/eros-demos/tab3/index.js","md5":"a8637acb38a02e8ad7c66f440e748ba1"},{"android":"weex-eros-version","iOS":"weex-eros-version","page":"/pages/eros-demos/tab2/tip.js","md5":"b16b04c0bd092a497b4aa1ec43de4f51"},{"android":"weex-eros-version","iOS":"weex-eros-version","page":"/pages/eros-demos/tab4/index.js","md5":"0005d9f6ea49066790420ff3feb366c3"},{"android":"weex-eros-version","iOS":"weex-eros-version","page":"/pages/eros-demos/tab4/demo/index.js","md5":"8467777ac63377953457375f239cc48d"},{"android":"weex-eros-version","iOS":"weex-eros-version","page":"/pages/eros-demos/tab4/waterfall.js","md5":"feadb08d1c7c9e3904bfe9fc32229db2"},{"android":"weex-eros-version","iOS":"weex-eros-version","page":"/pages/meditor/index.js","md5":"7c049d9899b94717223ee0a14b972473"},{"android":"weex-eros-version","iOS":"weex-eros-version","page":"/pages/eros-demos/tab3/router.js","md5":"b847a35f235a28544d07d5bcf495f832"},{"android":"weex-eros-version","iOS":"weex-eros-version","page":"/iconfont/iconfont.ttf","md5":"ec86bfe5bdb872bad2b2af4f11da14f4"}],"android":"weex-eros-version","iOS":"weex-eros-version","appName":"weex-eros-template","jsVersion":"db68b44ab68216fbcfe0a48beeb7b601","timestamp":1508148167307,"jsPath":false}
