{"filesMd5":[{"android":"0.0.0","iOS":"0.0.0","page":"/pages/eros-demos/index.js","md5":"d6fd5050cb2787e5eb9f0a18caa26a1f"},{"android":"0.0.0","iOS":"0.0.0","page":"/pages/eros-demos/tab2/button.js","md5":"112a586fd7843c23a731552fb0e7f584"},{"android":"0.0.0","iOS":"0.0.0","page":"/pages/eros-demos/tab1/tab-page/index.js","md5":"8e04231582a35f8ab508977d1a8c2a96"},{"android":"0.0.0","iOS":"0.0.0","page":"/pages/eros-demos/tab2/header.js","md5":"94f14acaed48c840ea203dfa6bed5a6b"},{"android":"0.0.0","iOS":"0.0.0","page":"/pages/eros-demos/tab2/icon.js","md5":"994cb5f4537d85cac10c2b0c52d9e47e"},{"android":"0.0.0","iOS":"0.0.0","page":"/pages/eros-demos/tab2/image.js","md5":"667da3a6baed96f78da323486e0942fa"},{"android":"0.0.0","iOS":"0.0.0","page":"/pages/eros-demos/tab2/index.js","md5":"7fb4805ed5523f294436bcf4150b36b4"},{"android":"0.0.0","iOS":"0.0.0","page":"/pages/eros-demos/tab3/amap.js","md5":"736fc36de86355e34d0d7d3de633fe96"},{"android":"0.0.0","iOS":"0.0.0","page":"/pages/eros-demos/tab2/tabbar.js","md5":"c78c553690726d193e9c485a02fce8cc"},{"android":"0.0.0","iOS":"0.0.0","page":"/pages/eros-demos/tab3/iconfont.js","md5":"7dc0f18727a4212a336a4f1c69bd2fb1"},{"android":"0.0.0","iOS":"0.0.0","page":"/pages/eros-demos/tab2/tip.js","md5":"9f0652c349760e8b82714c2c3d8a849a"},{"android":"0.0.0","iOS":"0.0.0","page":"/pages/eros-demos/tab3/index.js","md5":"d961707310270022e1bd50bae4ff453d"},{"android":"0.0.0","iOS":"0.0.0","page":"/pages/eros-demos/tab4/index.js","md5":"9ebd61308bddc927a081f864c2259917"},{"android":"0.0.0","iOS":"0.0.0","page":"/pages/eros-demos/tab4/demo/index.js","md5":"3776abf18261dd8bb0bac98dd678082a"},{"android":"0.0.0","iOS":"0.0.0","page":"/pages/eros-demos/tab3/router.js","md5":"2de9122ddb3cc4b4282185c8b6df1012"},{"android":"0.0.0","iOS":"0.0.0","page":"/pages/eros-demos/tab4/waterfall.js","md5":"31d99e47b2d6469b86a6e1ff23ce6f03"},{"android":"0.0.0","iOS":"0.0.0","page":"/pages/meditor/index.js","md5":"67d832c10c891c6fd559b2caf89788c6"},{"android":"0.0.0","iOS":"0.0.0","page":"/pages/yanxuanDemo/home/index.js","md5":"0dd4d9b3d1c1bea3e2b5e9fc9421074e"},{"android":"0.0.0","iOS":"0.0.0","page":"/pages/yanxuanDemo/index.js","md5":"ea170e5046f3c71d6af2eface7d1d486"},{"android":"0.0.0","iOS":"0.0.0","page":"/pages/yanxuanDemo/webview.js","md5":"8a61b0d7d52039f668e76168146b3e1c"},{"android":"0.0.0","iOS":"0.0.0","page":"/pages/news/index.js","md5":"4e70fcf431d44262fcd25442f85b9e32"},{"android":"0.0.0","iOS":"0.0.0","page":"/iconfont/font_1469606063_76593.ttf","md5":"7f64b407dbb118b2bf74aae8488f115e"},{"android":"0.0.0","iOS":"0.0.0","page":"/iconfont/font_1469606522_9417143.woff","md5":"815be396a2edc810e9daab7eaf94b32e"},{"android":"0.0.0","iOS":"0.0.0","page":"/iconfont/font_zn5b3jswpofuhaor.ttf","md5":"be67220b1b872c2cba30a35787131d99"},{"android":"0.0.0","iOS":"0.0.0","page":"/iconfont/iconfont.ttf","md5":"fcfd6fc55b5308c896fadc1c08c4b1b0"}],"android":"0.0.0","iOS":"0.0.0","appName":"newsDemo","jsVersion":"ec6aa66a876e9a995b679a8459955b5b","timestamp":1511335093446,"jsPath":false}
